"image","xmin","ymin","xmax","ymax","label"
"melanoma%20(103).jpg",348.39018445234666,198.02159920013207,436.3519613947696,273.0215909669725,"melanoma"
"melanoma%20(1).jpg",61.48788869836621,33.940384757276384,450.5384435688964,310.38400767779393,"melanoma"
"melanoma%20(100).jpg",151.47965474722565,22.98987597712764,214.77600549211044,58.94666390595612,"melanoma"
"melanoma%20(101).jpg",48.201245081125364,75.44364770024801,300.0771682716719,238.67625899280574,"melanoma"
"melanoma%20(102).jpg",724.1241565452092,607.769784172662,1323.8758434547908,1049.7841726618706,"melanoma"
"melanoma%20(106).jpg",144.41430332922317,95.28271676990879,371.16320514796547,356.16370808678505,"melanoma"
"melanoma%20(104).jpg",310.2803372572441,180.2685199184272,714.7456313578914,450.2061665076335,"melanoma"
"melanoma%20(104).jpg",479.8948298782367,482.82705653532764,579.3802139526819,522.7876412195103,"melanoma"
"melanoma%20(108).jpg",443.93756080937885,150.15157636559528,588.9437260374923,265.2240489130435,"melanoma"
"melanoma%20(107).jpg",179.79861070136693,82.02833008498288,450.6987584651472,333.1644181383683,"melanoma"
"melanoma%20(105).jpg",152.78545006165228,90.06729178593076,233.87546239210852,167.17074006179283,"melanoma"
"melanoma%20(109).jpg",469.7046538147746,305.3885016681479,541.5899108114122,380.51081628593613,"melanoma"
"melanoma%20(111).jpg",177.66133977511367,105.953026510168,441.61528976572134,354.5271005842421,"melanoma"
"melanoma%20(110).jpg",194.57459926017262,116.08134215067584,418.00246609124537,286.1367950157405,"melanoma"
"melanoma%20(113).jpg",205.37607891491987,99.6925671771892,276.7940934224723,182.6051885364125,"melanoma"
"melanoma%20(113).jpg",172.62639921778668,124.56635358495619,199.0629094096794,171.94499436165523,"melanoma"
"melanoma%20(112).jpg",267.306338028169,453.794964028777,475.00582842759684,631.3669064748201,"melanoma"
"melanoma%20(117).jpg",123.77158273381295,173.30456378305558,283.44545850136296,304.2566095804997,"melanoma"
"melanoma%20(114).jpg",371.88655980271267,219.8293786299856,476.4488286066584,272.4609375,"melanoma"
"melanoma%20(114).jpg",333.08674427789765,94.82935855263158,495.51997437577063,187.5925164473684,"melanoma"
"melanoma%20(114).jpg",342.29346485819974,284.30304276315786,534.3197899005856,436.9346417878803,"melanoma"
"melanoma%20(114).jpg",575.0924784217015,274.34210526315786,773.0374224529897,402.6315789473684,"melanoma"
"melanoma%20(114).jpg",532.675709001233,32.56578947368421,757.5832305795315,96.71052631578948,"melanoma"
"melanoma%20(114).jpg",265.35141800246606,42.855684380782286,512.6181869412762,84.86842105263158,"melanoma"
"melanoma%20(114).jpg",47.677774111821826,86.93462171052632,321.90715070129465,160.61885231419615,"melanoma"
"melanoma%20(118).jpg",168.68476162121416,80.61583734868647,238.45048295290343,166.54990328275238,"melanoma"
"melanoma%20(115).jpg",534.1553637484587,49.93851439979243,648.5820577412146,211.070110701107,"melanoma"
"melanoma%20(116).jpg",153.5758323057953,57.71660113027679,315.45830553762715,233.46767114467377,"melanoma"
"melanoma%20(120).jpg",94.20058056399796,39.16528789813702,300.80147965474725,178.68177141462053,"melanoma"
"melanoma%20(119).jpg",161.60707974698482,76.9088879260388,238.1134401972873,162.84295386010473,"melanoma"
"melanoma%20(122).jpg",79.16152897657213,22.427599443305223,206.90507053887947,161.4294478721407,"melanoma"
"melanoma%20(122).jpg",400.2466091245376,17.498457762318047,533.9087696757475,158.47196173535698,"melanoma"
"melanoma%20(122).jpg",346.9790382244143,131.36167966944893,401.2330757263409,179.66729409152612,"melanoma"
"melanoma%20(122).jpg",60.41925056354038,232.90204455363332,261.15906288532676,359.5810190366509,"melanoma"
"melanoma%20(122).jpg",395.8076448828607,238.8170168272008,509.24787227381324,353.66604676308344,"melanoma"
"melanoma%20(123).jpg",80.69021739130434,32.474824205576944,232.4836956521739,182.07194244604315,"melanoma"
"melanoma%20(121).jpg",61.86013870541611,121.9568345323741,147.49289960369882,198.96163665991037,"melanoma"
"melanoma%20(121).jpg",276.1375555040972,125.08393881818374,374.28285400713133,213.81535965075597,"melanoma"
"melanoma%20(63).jpg",127.82966377808876,364.3992805755396,402.05652295928644,597.7110495258579,"melanoma"
"melanoma%20(63).jpg",464.5994048757652,0,667.8640463917526,135.89809988557008,"melanoma"
"melanoma%20(63).jpg",483.84342783505156,276.6067329790953,691.9189925046312,723.988027943124,"melanoma"
"melanoma%20(63).jpg",64.08394095823937,692.7194244604317,169.92590206185565,800.9568345323742,"melanoma"
"melanoma%20(63).jpg",34.015230788398036,2.405280367075968,203.60291471186375,164.76140923808805,"melanoma"
"melanoma%20(63).jpg",0,346.35971223021585,64.94845360824742,674.6798561151079,"melanoma"
"melanoma%20(64).jpg",291.5783306079493,174.18315569559732,337.4920174143611,212.18315569559732,"melanoma"
"melanoma%20(66).jpg",66.37907893483232,134.41248392887252,197.3658536585366,285.68345323741005,"melanoma"
"melanoma%20(67).jpg",236.77462887989205,31.160071942446045,920.3778677462888,766.636720835734,"melanoma"
"melanoma%20(65).jpg",11.561334297266114,65.07795292696507,1106.9305381727158,785.941308110738,"melanoma"
"melanoma%20(72).jpg",132.00180815620783,43.74101158526304,529.3027528255735,429.9280575539568,"melanoma"
"melanoma%20(69).jpg",69.87643197023677,195.0323741007194,436.1433166832641,443.89092995623025,"melanoma"
"melanoma%20(70).jpg",120.90215439856374,171.9640287769784,415.8728413059639,439.6966533523669,"melanoma"
"melanoma%20(68).jpg",183.79778051787918,110.46867647524233,402.6387176325524,272.9699074074074,"melanoma"
"melanoma%20(71).jpg",300.61652281134405,74.24080789111237,611.442663378545,522.1878311241841,"melanoma"
"melanoma%20(77).jpg",333.25363260779517,200.0600053218373,394.38471023427866,261.7909813596491,"melanoma"
"melanoma%20(74).JPG",69.10597826086956,66.81295370197982,153.79077306001082,167.1654757492834,"melanoma"
"melanoma%20(76).jpg",108.56949655633224,77.96763413244014,181.44399048345775,164.83813361298266,"melanoma"
"melanoma%20(73).jpg",284.3588452509681,98.99504045758928,895.8014796547471,580.3664690290178,"melanoma"
"melanoma%20(75).JPG",439.0506135726534,409.89119635687933,621.7879161528977,535.0764109293619,"melanoma"
"melanoma%20(78).jpg",113.42868209770849,85.64028776978418,164.5431042426054,124.89208633093526,"melanoma"
"melanoma%20(81).jpg",110.88579136690647,97.15707929871924,163.52607913669064,143.6235111154241,"melanoma"
"melanoma%20(79).jpg",209.4533598084926,141.48902495378928,569.173859432799,419.1821807466461,"melanoma"
"melanoma%20(82).jpg",116.75388267102616,123.62589928057554,188.00804828973844,189.30215827338128,"melanoma"
"melanoma%20(80).jpg",236.45706270831727,283.6416114443824,616.2351558887561,515.0981055850074,"melanoma"
"melanoma%20(86).jpg",187.83847102342787,95.78937606673058,256.7328648502524,163.8837499324293,"melanoma"
"melanoma%20(83).jpg",114.67324290998768,20.948856374913355,200.9864515499769,151.57117579208065,"melanoma"
"melanoma%20(83).jpg",366.2145499383477,15.526802218114604,536.8680791701988,162.9081909405326,"melanoma"
"melanoma%20(83).jpg",53.514187550574135,233.8878582233422,270.5302246695823,367.9605931759762,"melanoma"
"melanoma%20(83).jpg",396.79411148466403,248.18238207240643,498.8902890432337,348.24400388819896,"melanoma"
"melanoma%20(87).jpg",80.62474712931567,51.643216291155134,206.3625154130703,134.96892857142856,"melanoma"
"melanoma%20(85).jpg",106.38101109741059,107.94908568560535,395.33212502287876,304.5310825964067,"melanoma"
"melanoma%20(84).jpg",197.7003936203135,105.78884680294296,683.2121312603557,526.7597324408374,"melanoma"
"melanoma%20(89).jpg",172.2453816731771,111.89209198437149,228.54166666666669,150.42447173852713,"melanoma"
"melanoma%20(88).jpg",267.9833437110834,139.20863309352518,357.02443960149435,315.6474820143885,"melanoma"
"melanoma%20(92).jpg",27.620221948212084,40.07401717336554,178.08468518803946,274.28454750462583,"melanoma"
"melanoma%20(92).jpg",243.84710234278668,86.91611842105263,355.38022117755855,233.23191592567846,"melanoma"
"melanoma%20(92).jpg",411.6728479500617,91.12665276778372,573.1853999691739,254.28453947368422,"melanoma"
"melanoma%20(91).jpg",565.3477672530446,497.1762801245821,695.3396904600811,635.6654676258993,"melanoma"
"melanoma%20(90).jpg",150.27786805199796,169.16907193849414,266.18315038350977,279.9064748201439,"melanoma"
"melanoma%20(93).jpg",19.53238727377473,42.30216485990895,156.36690647482013,268.9208698958802,"melanoma"
"melanoma%20(93).jpg",241.40290404395233,95.39569003976506,341.54676258992805,224.02877697841723,"melanoma"
"melanoma%20(94).jpg",139.2071516646116,75.92852320731659,325.6272215743247,257.5135139977651,"melanoma"
"melanoma%20(95).jpg",98.8414785024282,146.32134773748385,313.8865620381123,427.6115107913669,"melanoma"
"melanoma%20(97).jpg",185.81217841772792,127.80995709926376,257.13810110974106,189.41914013206633,"melanoma"
"melanoma%20(96).jpg",426.351032675709,278.3367028650647,631.7402897657214,485.38291358595194,"melanoma"
"melanoma%20(99).jpg",254.8113593725917,146.55822167246708,367.50184956843407,281.80407037928893,"melanoma"
"Psoriasis%20(1).jpg",218.0846866932221,321.2134763889403,1038.6354646318202,688.0886563124815,"psoriasis"
"melanoma%20(98).JPG",16.399509415820553,22.177693690023116,219.0628853267571,251.8887125599769,"melanoma"
"melanoma%20(98).JPG",269.12454814417003,60.86586836845645,402.0468768062192,204.91023901970158,"melanoma"
"psoriasis%20(12).jpg",977.992601726264,675.0166683514325,4634.278668310728,3000.3107634877542,"psoriasis"
"psoriasis%20(13).jpeg",308.1234418349259,667.5929203539823,3744.710234278668,2094.095269937431,"psoriasis"
"psoriasis%20(13).jpeg",2651.659679408138,2067.1218186099973,4459.9161528976565,3002.2016018217646,"psoriasis"
"psoriasis%20(184).jpg",223.65009940357854,190.6163141538771,379.842488525876,372.2679856115108,"psoriasis"
"psoriasis%20(184).jpg",92.00795228628232,343.4868393493214,242.0664203257021,505.3219424460432,"psoriasis"
"psoriasis%20(185).jpg",3.039457459926017,0,148.1229059146453,266.02531073097737,"psoriasis"
"psoriasis%20(185).jpg",99.08631319358815,255.89224412090763,246.19605425400738,333.7143856817062,"psoriasis"
"psoriasis%20(186).jpg",0,0,148.52816072551008,268.4572526547523,"psoriasis"
"psoriasis%20(186).jpg",103.13893550774024,263.59336880720247,249.03289358418908,330.8771077344725,"psoriasis"
"psoriasis%20(187).jpg",526.5893958076449,540.9403106915091,1077.3037910132166,1146.0370958649075,"psoriasis"
"psoriasis%20(183).jpg",134.4019728729963,187.59257096294107,380.1891171682337,328.9160516605166,"psoriasis"
"psoriasis%20(183).jpg",0,351.10055350553506,250.30826140567203,646.0723133720595,"psoriasis"
"psoriasis%20(183).jpg",635.0184956843403,532.6848594975207,802.7127003699137,654.2887453874539,"psoriasis"
"psoriasis%20(183).jpg",328.4011633857699,489.9591271657345,523.2224094000462,644.4289667896678,"psoriasis"
"psoriasis%20(183).jpg",13.563501849568436,45.44741697416974,192.76614489008557,136.65036900369003,"psoriasis"
"psoriasis%20(183).jpg",801.8907201275432,440.66023417680464,975.3390875462393,668,"psoriasis"
"psoriasis%20(191).jpg",77.46815033523428,75.74214258174467,137.70653514180026,166.782356699064,"psoriasis"
"psoriasis%20(191).jpg",163.74845869297164,26.012081232051422,213.99097372071517,65.21726588773825,"psoriasis"
"psoriasis%20(190).jpg",113.59309900850609,29.779168701171876,145.0209617755857,55.3791748046875,"psoriasis"
"psoriasis%20(190).jpg",82.96424980492833,24.712500000000002,109.33169740048936,50.845837402343754,"psoriasis"
"psoriasis%20(190).jpg",19.30949851528784,28.712500000000002,43.812585193337696,50.845837402343754,"psoriasis"
"psoriasis%20(190).jpg",45.1442663378545,104.1791748046875,101.87422934648583,156.97917480468752,"psoriasis"
"psoriasis%20(190).jpg",179.37854500616524,65.5125,208.14303329223182,86.84583740234376,"psoriasis"
"psoriasis%20(190).jpg",224.1233045622688,104.9791748046875,251.2897657213317,129.7791748046875,"psoriasis"
"psoriasis%20(190).jpg",188.70038616965937,93.5125,217.19852847323907,121.24583740234375,"psoriasis"
"psoriasis%20(190).jpg",138.09618568655594,141.24583740234377,162.59926017262637,161.51250000000002,"psoriasis"
"psoriasis%20(190).jpg",125.04562268803946,120.44583740234376,165.79531442663378,142.4,"psoriasis"
"psoriasis%20(190).jpg",205.74599260172627,150.5791748046875,231.58077261627236,178.84584960937502,"psoriasis"
"psoriasis%20(190).jpg",153.81011097410604,165.51250000000002,199.88657605868525,182.00000000000003,"psoriasis"
"psoriasis%20(190).jpg",225.45501009074445,135.64583740234374,246.7620303228075,154.04584960937498,"psoriasis"
"psoriasis%20(192).jpg",169.6375020470484,0,317.82001025932493,227.2828226988505,"psoriasis"
"psoriasis%20(192).jpg",330.979055684533,140.3721547012188,435.67942559821984,423.40360416546326,"psoriasis"
"psoriasis%20(192).jpg",480.30581277454536,87.19655396184727,655.9507130953299,458.85398720901685,"psoriasis"
"psoriasis%20(192).jpg",0,338.78005005559726,89.53884966717402,425.11894612479784,"psoriasis"
"psoriasis%20(188).jpg",171.04399919803868,89.71473844758756,284.2869091857082,200.24954726669813,"psoriasis"
"psoriasis%20(188).jpg",88.80806618348296,140.9381868131868,232.04685573366214,228.89424619569883,"psoriasis"
"psoriasis%20(188).jpg",349.6711981193646,128.13232086517,410,224.8502901517428,"psoriasis"
"psoriasis%20(188).jpg",0.8425837468571786,104.54258241758238,61.17139334155364,186.02197802197801,"psoriasis"
"psoriasis%20(188).jpg",86.78587136227458,0,163.96631732380933,100.83561756846669,"psoriasis"
"psoriasis%20(188).jpg",198.34362928435186,0,296.0830353573424,77.24587912087912,"psoriasis"
"psoriasis%20(189).jpg",210.11097410604194,324.33766137650184,841.430363025971,1191.8669582515017,"psoriasis"
"psoriasis%20(189).jpg",1599.013683916461,349.9691778101895,2177.065411625308,1134.688862855245,"psoriasis"
"psoriasis%20(189).jpg",1987.6696039804253,1195.8102129303375,2232.305915729038,1487.6155719298754,"psoriasis"
"psoriasis%20(195).jpg",116.77285782691673,209.73741007194246,208.16124780316343,286.6762589928058,"psoriasis"
"psoriasis%20(195).jpg",125.91168717047451,89.23501735110936,210.27021089630932,204.46762589928062,"psoriasis"
"psoriasis%20(195).jpg",67.21220904787731,90.64028776978418,118.17881176886533,197.44125772380144,"psoriasis"
"psoriasis%20(195).jpg",22.57249560632689,228.7086330935252,57.37038664323374,286.6762589928058,"psoriasis"
"psoriasis%20(195).jpg",249.98900509048218,153.87769784172664,284.0839191564147,288.78417266187057,"psoriasis"
"psoriasis%20(193).jpg",0,156.77440028720432,128.5655669601572,302.8558817686858,"psoriasis"
"psoriasis%20(193).jpg",272.58529569012023,155.4583408638283,574.4348942278052,441.69911172654895,"psoriasis"
"psoriasis%20(193).jpg",600.7398273736125,244.78518518518513,800,476.7388888888889,"psoriasis"
"psoriasis%20(194).jpg",10.01233045622688,10.306061484596945,136.60502140971795,140.25454545454545,"psoriasis"
"psoriasis%20(194).jpg",163.7649133496455,53.60302942449396,278.6189889025894,143.65152130126953,"eczema"
"psoriasis%20(194).jpg",175.96383768592017,144.11212033358487,221.30702836004934,181.19092226895418,"eczema"
"psoriasis%20(194).jpg",152.25647348951912,23.433334211869674,188.3929375626156,50.148483969948515,"eczema"
"psoriasis%20(194).jpg",5.4089618875712855,160.9242485739968,86.8886219029362,185.33637681440874,"psoriasis"
"psoriasis%20(196).jpg",22.22099103072825,219.57435124898132,58.776356675293826,288.78417266187057,"psoriasis"
"psoriasis%20(196).jpg",115.36687170474517,203.7649987309957,206.05228471001757,291.24341599718275,"psoriasis"
"psoriasis%20(196).jpg",130.83259032774055,85.72182522231728,210.62171547190795,200.95444181154102,"psoriasis"
"psoriasis%20(196).jpg",65.45473444021859,92.04557427056403,124.50570104830294,199.90048497700866,"psoriasis"
"psoriasis%20(196).jpg",248.23154657293495,147.55395683453239,279.51448839452434,290.8920863309353,"psoriasis"
"psoriasis%20(197).jpg",64.23388002068722,68.63269743599173,364.5322770613777,315.880120168364,"psoriasis"
"psoriasis%20(201).jpg",145.76984109184744,9.797949823540273,665.2519907545661,383.5185220844382,"psoriasis"
"psoriasis%20(200).jpg",126.92232617849781,13.738719304402668,455.1787916152898,308.7664890289306,"psoriasis"
"psoriasis%20(198).jpg",60.586531068776004,71.8752835753176,363.7217674396482,321.14934003937265,"psoriasis"
"psoriasis%20(202).jpg",484.21706118507245,140.01689402739504,650.6782202479578,380.6672892328946,"psoriasis"
"psoriasis%20(202).jpg",189.76572133168926,257.01002602639835,391.7385943279901,391.7742310715438,"psoriasis"
"psoriasis%20(202).jpg",104.68558465508438,382.1482261099467,464.98150431565966,587.2564074317689,"psoriasis"
"psoriasis%20(202).jpg",334.77190913754237,105.95560007292156,460.5425400739827,217.02503540726138,"psoriasis"
"psoriasis%20(202).jpg",150.55489310794928,171.1163311756127,311.0974218930622,240.71982206591522,"psoriasis"
"psoriasis%20(202).jpg",482.73736128236743,381.4077746192689,558.9396033422279,532.4621836248974,"psoriasis"
"psoriasis%20(199).jpg",209.10298582995952,161.931654676259,359.5303513582258,284.2470175105033,"psoriasis"
"psoriasis%20(199).jpg",184.07557354925777,88.64149436676246,254.13224069695724,161.931654676259,"psoriasis"
"psoriasis%20(199).jpg",351.6131072874494,2.476021073705001,425.34233227110747,41.597122302158276,"psoriasis"
"psoriasis%20(199).jpg",469.87674522657306,225.8129496402878,505.0094336794134,280.2853792588488,"psoriasis"
"psoriasis%20(199).jpg",56.20150134952767,302.07435563999974,101.72557547668376,336.7386393375534,"psoriasis"
"psoriasis%20(203).jpg",0,2.9352531981982772,39.67715936739659,38.158278979843466,"psoriasis"
"psoriasis%20(203).jpg",141.95454841112567,159.97123421867974,204.27408304701754,261.6043389409566,"psoriasis"
"psoriasis%20(203).jpg",0,170.61151079136692,59.10619983533873,224.91368026184523,"psoriasis"
"psoriasis%20(203).jpg",12.549822062471486,124.01439408775714,64.60498329032657,152.2661982474567,"psoriasis"
"psoriasis%20(203).jpg",123.62524785322574,61.64028776978417,151.8523586301038,96.12950759997472,"psoriasis"
"psoriasis%20(203).jpg",200.97481297402487,110.43886011796032,222.60335004300677,149.69784172661872,"psoriasis"
"psoriasis%20(203).jpg",69.37060680528627,170.24460991509528,109.69500762122681,268.9424572402625,"psoriasis"
"psoriasis%20(203).jpg",201.3414097249943,0,222.9699467939762,31.187053158986483,"psoriasis"
"psoriasis%20(203).jpg",147.81989505517222,124.01439408775714,169.81502887512357,143.46044285177328,"psoriasis"
"psoriasis%20(203).jpg",159.55065546708676,68.24460431654677,178.97967915407352,84.75539568345324,"psoriasis"
"psoriasis%20(204).jpg",0,55.321352101058416,301.0255951242349,972.9341261609853,"psoriasis"
"psoriasis%20(205).jpg",67.15789473684211,158.97842681665216,193.6464141969256,309.1942541547817,"psoriasis"
"psoriasis%20(205).jpg",277.55468453472923,104.52518940658021,437.2307978950531,271.01440759013883,"psoriasis"
"psoriasis%20(205).jpg",519.2604683941674,127.68345323741008,670.1700691501138,422.48201438848923,"psoriasis"
"psoriasis%20(206).jpg",396.6994102328431,842.6439168367455,1158.006663602941,1202.7302158273383,"psoriasis"
"psoriasis%20(206).jpg",975,81.64748201438849,1242.7125459558824,347.5251958284447,"psoriasis"
"psoriasis%20(206).jpg",790.9478400735294,450.10794561372387,1023.1047028186274,584.0935251798561,"psoriasis"
"psoriasis%20(206).jpg",487.67980238970586,448.0144044615382,646.6341145833333,561.0648120907571,"psoriasis"
"psoriasis%20(206).jpg",767.9411764705882,1331.4820143884892,1171.601371017157,1722.971286910901,"psoriasis"
"psoriasis%20(206).jpg",169.77127374387254,1411.0360990016582,381.0131357230392,1691.5684092130593,"psoriasis"
"psoriasis%20(206).jpg",56.830097273284316,619.6834851820691,433.30078125,898.1223021582734,"psoriasis"
"psoriasis%20(206).jpg",684.2811734068628,238.66187050359713,928.987055759804,418.7050679158822,"psoriasis"
"psoriasis%20(206).jpg",196.9607843137255,0,715.6537224264706,142.35974417487495,"psoriasis"
"psoriasis%20(207).jpg",256.8023117197133,189.67561477378564,452.1167684571517,291.01143732424134,"psoriasis"
"psoriasis%20(207).jpg",268.6395496975185,291.01143732424134,374.5170772002158,319.9645036626745,"psoriasis"
"psoriasis%20(209).jpg",228.78879367269892,139.08873633515063,423.56130368064714,390.8873194413219,"psoriasis"
"psoriasis%20(209).jpg",460.50095248163194,132.37410071942446,563.1642813481409,396.6427151247752,"psoriasis"
"psoriasis%20(209).jpg",24.421526054590572,67.62589928057554,125.21091811414392,396.1630841810926,"psoriasis"
"psoriasis%20(211).jpg",350.6972669428981,219.42447140920075,563.0229749177631,469.06477015653104,"psoriasis"
"psoriasis%20(210).jpg",302.83601697364367,159.47578591661886,400.69050554870535,269.9437605196663,"psoriasis"
"psoriasis%20(210).jpg",368.72996300863133,66.36707762353622,403.0579531442663,111.73785097192226,"psoriasis"
"psoriasis%20(212).jpg",184.3403401592363,388.8216363022611,401.06041923551174,501.6594200572749,"psoriasis"
"psoriasis%20(212).jpg",75.980271270037,9.917385057471265,392.08386666971717,255.4678491760488,"psoriasis"
"psoriasis%20(212).jpg",388.8779676181027,98.39248817999244,615.2158025513448,214.43590113029626,"psoriasis"
"psoriasis%20(212).jpg",544.0444092097912,330.47934342892233,661.381030664785,447.8050139270066,"psoriasis"
"psoriasis%20(212).jpg",38.15045113334232,333.68494327589013,168.3107274969174,476.6555886396503,"psoriasis"
"psoriasis%20(212).jpg",167.0283796166962,260.59682067052614,315.7830231051557,347.1485448084572,"psoriasis"
"psoriasis%20(208).jpg",887.7928483353885,536.8593920489263,1512.7990135635018,849.529783110379,"psoriasis"
"psoriasis%20(208).jpg",1099.2849298705305,236.8715083798883,1294.9938347718867,498.9599507081442,"psoriasis"
"psoriasis%20(208).jpg",753.637580918619,971.1238481745374,1059.8274217786684,1214.3119060154067,"psoriasis"
"psoriasis%20(208).jpg",892.5277435265106,183.13128491620114,1064.5623169697906,495.8017121213775,"psoriasis"
"psoriasis%20(208).jpg",715.7584193896424,299.98788366903807,832.5524526048089,497.38083141476085,"psoriasis"
"psoriasis%20(217).jpg",350.43366343995643,62.70652173913043,537.2852657520374,350.0108801800272,"psoriasis"
"psoriasis%20(217).jpg",692.1845882241735,57.836951214334235,755.3945745992602,163.57607634171194,"psoriasis"
"psoriasis%20(215).jpg",67.07070079949281,68.22737068965516,229.98563920290343,296.0192858631944,"psoriasis"
"psoriasis%20(215).jpg",327.248277920536,73.49658128354164,475.5738019649256,330.06647279604374,"psoriasis"
"psoriasis%20(213).jpg",345.54215474722565,0,563.5577990135635,271.0127090707209,"psoriasis"
"psoriasis%20(213).jpg",298.40362977805177,272.48626383559963,683.9293310727496,519.1987183918885,"psoriasis"
"psoriasis%20(216).jpg",131.32633399209487,50.97962268307912,712.7018280632411,653.542017435856,"psoriasis"
"psoriasis%20(214).jpg",1029.299549847485,488.46043165467626,1397.6040013124584,1164.5180396210376,"psoriasis"
"psoriasis%20(221).jpg",859.383477188656,240.70881744288496,1621.7016029593096,600.3302685469858,"psoriasis"
"psoriasis%20(218).jpg",401.4424971299035,69.74820143884892,554.2030191955946,420.48201438848923,"psoriasis"
"psoriasis%20(218).jpg",566.8223227837017,205.92328166275573,717.5903168294676,325.4916269864967,"psoriasis"
"psoriasis%20(219).jpg",382.4561238771508,155.3956834532374,863.9676607572114,405.7554286160915,"psoriasis"
"psoriasis%20(219).jpg",670.7152331888917,426.25900927207454,1018.3535927220395,865.4676588319188,"psoriasis"
"psoriasis%20(219).jpg",222.67206477732793,419.7841891281896,627.5304137936488,854.6762589928057,"psoriasis"
"psoriasis%20(222).jpg",326.7570900123305,173.18420748613678,688.4505228402436,579.2199939438684,"psoriasis"
"psoriasis%20(220).jpg",53.76901723012677,10.261947463230534,555.7829839704069,402.07902869686455,"psoriasis"
"psoriasis%20(224).jpg",62.09662162162162,29.25659838340265,200.12905405405405,347.2422208717401,"psoriasis"
"psoriasis%20(224).jpg",4.583108108108108,163.54916798982688,55.86602024387668,331.89451368592626,"psoriasis"
"psoriasis%20(223).jpg",72.99219811153765,74.62209435857507,256.806411837238,262.84109738165523,"psoriasis"
"psoriasis%20(225).jpg",53.94574599260173,135.17506116231283,102.56885382749886,173.7207445639151,"psoriasis"
"psoriasis%20(225).jpg",207.00781806917578,110.1491352363869,288.42993946757474,128.55900739034016,"psoriasis"
"psoriasis%20(225).jpg",180.25072805684533,155.02320931046097,235.77889137879546,192.41826664959942,"psoriasis"
"psoriasis%20(225).jpg",80.12742349457653,69.87752590885869,113.21414331325622,117.91580190305356,"psoriasis"
"psoriasis%20(225).jpg",75.52404438964241,37.084933316266095,137.09413126276394,60.3849333162661,"psoriasis"
"psoriasis%20(226).jpg",85.30621510986629,27.12786978893884,293.60873108286455,145.5040336623094,"psoriasis"
"psoriasis%20(227).jpg",124.74312176686769,42.2507004322059,427.6613360121571,204.45231461392262,"psoriasis"
"psoriasis%20(230).jpg",342.95110925940196,246.77553644374206,485.6556093942663,356.0102768649456,"psoriasis"
"psoriasis%20(230).jpg",564.5705292463009,347.4557582552023,696.0953755972565,474.457596643134,"psoriasis"
"psoriasis%20(230).jpg",383.0662135866215,93.45205135662762,503.41146636097415,227.6923471052413,"psoriasis"
"psoriasis%20(230).jpg",218.6601104924476,136.22470465076609,329.79864268649817,355.35224624041484,"psoriasis"
"psoriasis%20(231).jpg",218.66011049244756,136.19790214266607,290.9987669543773,406.5891181988743,"psoriasis"
"psoriasis%20(231).jpg",439.62188607814426,112.46170484818391,577.0653514180025,209.17465043917827,"psoriasis"
"psoriasis%20(231).jpg",685.5733662145499,284.1765266117862,751.3358194936806,383.52110694183864,"psoriasis"
"psoriasis%20(231).jpg",529.0588153128854,380.2315710472121,631.6482111205303,458.52298311444656,"psoriasis"
"psoriasis%20(231).jpg",303.4936493333847,399.9689068821089,505.38433935727494,519.7087242026266,"psoriasis"
"psoriasis%20(231).jpg",31.89479014141492,144.04144218401882,194.32799013563502,466.41791744840526,"psoriasis"
"psoriasis%20(231).jpg",590.8754623921085,0,751.9934638948828,186.80567986522337,"psoriasis"
"psoriasis%20(231).jpg",358.7340932298089,9.827550977524405,584.9568434032059,97.32973733583489,"psoriasis"
"psoriasis%20(231).jpg",319.9342777049938,226.280351535017,583.6416148081073,364.44170237929467,"psoriasis"
"psoriasis%20(232).jpg",56.86344283947842,83.10794704080486,2668.2015723358813,3626.1296298898383,"psoriasis"
"psoriasis%20(228).jpg",510.773482001374,3433.761578347185,1596.9459887399184,4496.446043165467,"psoriasis"
"psoriasis%20(228).jpg",1731.9506683760897,3046.772369714092,3106.5416760714547,4447.304743814811,"psoriasis"
"psoriasis%20(228).jpg",1744.2236167722635,2481.6451776628014,2591.0699779582474,2923.9185589577655,"psoriasis"
"psoriasis%20(228).jpg",774.6460861658471,2303.5071942446043,1296.253977567359,3009.9162546061784,"psoriasis"
"psoriasis%20(228).jpg",7.5747322843402545,2997.6307891735923,424.8614386792453,3906.7482014388484,"psoriasis"
"psoriasis%20(228).jpg",32.121190896252735,2297.364602123233,566.0025925135034,2825.63567906661,"psoriasis"
"psoriasis%20(229).jpg",19.847961590296496,2217.5097797860344,1695.1312613680034,4625.442446043166,"psoriasis"
"psoriasis%20(229).jpg",1774.9062686724803,2407.9329474469737,3167.9075416914534,4803.580710651206,"psoriasis"
"psoriasis%20(233).jpg",134.35054754174274,144.80576351906757,219.0353301504384,196.97843351295526,"psoriasis"
"psoriasis%20(233).jpg",248.86142523392388,158.38130308741287,289.0733655017355,191.3885054554013,"psoriasis"
"psoriasis%20(233).jpg",50.73097826086956,171.69064748201438,96.80163449826448,211.61870503597123,"psoriasis"
"psoriasis%20(233).jpg",159.9157649330471,84.38129902572084,185.2146698495616,104.34532780269925,"psoriasis"
"psoriasis%20(233).jpg",146.60055566870648,109.13669470917407,172.43206115390944,125.37410071942446,"psoriasis"
"psoriasis%20(233).jpg",200.92664262522823,108.60431654676259,232.61685188956884,139.74820143884892,"psoriasis"
"psoriasis%20(233).jpg",255.25272958174995,129.1007234861525,282.4157730600108,149.3309352517986,"psoriasis"
"psoriasis%20(233).jpg",214.9076086956522,197.24460431654677,258.7146698495617,215.34533998777545,"psoriasis"
"psoriasis%20(233).jpg",103.99185188956882,200.4388489208633,158.850539414779,220.40287769784172,"psoriasis"
"psoriasis%20(233).jpg",211.84511275913405,55.366908505666174,256.8505556687065,106.20863309352518,"psoriasis"
"psoriasis%20(233).jpg",32.62227854521378,119.78417266187051,75.23098232435143,158.64748607608055,"psoriasis"
"psoriasis%20(236).jpg",118.63859914696735,0,190.80706115390944,45.517985611510795,"psoriasis"
"psoriasis%20(236).jpg",0,132.29496809046907,100.7961997156558,174.88489208633095,"psoriasis"
"psoriasis%20(236).jpg",128.7581562373949,71.60432060845464,177.4918518895688,114.72662276672803,"psoriasis"
"psoriasis%20(236).jpg",163.77717391304347,117.78776978417267,203.323381755663,136.5539568345324,"psoriasis"
"psoriasis%20(236).jpg",226.0923913043478,112.99640287769785,273.6277173913043,136.5539568345324,"psoriasis"
"psoriasis%20(236).jpg",145.80164262522825,158.5143884892087,206.1195652173913,184.4676258992806,"psoriasis"
"psoriasis%20(236).jpg",131.02173913043478,138.9496402877698,145.80164262522823,158.64748607608058,"psoriasis"
"psoriasis%20(236).jpg",107.05434782608695,158.64748607608058,145.80164262522823,215.61151079136692,"psoriasis"
"psoriasis%20(234).jpg",501.58740597036484,64.56236118892971,663.222489194231,388.0995425217443,"psoriasis"
"psoriasis%20(234).jpg",188.46477638755826,27.565950009462643,479.11793589441265,437.4280575539568,"psoriasis"
"psoriasis%20(235).jpg",402.63161601325277,225.00001234973934,737.8542880780301,424.10073177419974,"psoriasis"
"psoriasis%20(235).jpg",14.777315579927883,496.9424583929048,405.8704329888347,668.5252045555937,"psoriasis"
"psoriasis%20(235).jpg",218.82589857587928,0,332.1862718836981,117.35612128278335,"psoriasis"
"psoriasis%20(235).jpg",661.7409030435539,79.31655911232927,808.2996322075848,212.05038441170893,"psoriasis"
"psoriasis%20(237).jpg",209.3933415536375,47.457801131219824,390.4751677977613,382.81687698036814,"psoriasis"
"psoriasis%20(237).jpg",410.6576585499191,12.12732902821553,628.7406665129374,300.3791087400248,"psoriasis"
"psoriasis%20(241).jpg",84.0916625750785,244.54316944046158,136.370330885806,296.0192858631944,"psoriasis"
"psoriasis%20(241).jpg",169.19647145300698,50.39313300767957,210.93834771886557,74.71255224542912,"psoriasis"
"psoriasis%20(241).jpg",72.33908754623921,55.3266787658802,97.0600205878882,79.03811252268602,"psoriasis"
"psoriasis%20(241).jpg",28.976173485545427,262.78273386877373,69.90752157829839,304.12574657294795,"psoriasis"
"psoriasis%20(241).jpg",264.4327990135635,5.8075248870572675,486.921085080148,327.22919484881,"psoriasis"
"psoriasis%20(240).jpg",154.20182083449734,134.2951293779155,337.37977805178787,253.8656011121026,"psoriasis"
"psoriasis%20(238).jpg",188.72823432732378,156.31175857653722,331.37043616218614,408.8153796298899,"psoriasis"
"psoriasis%20(242).jpg",83.28113440197286,242.11122751668663,137.5861138697764,290.34472996872694,"psoriasis"
"psoriasis%20(242).jpg",25.328824533634208,267.24128169286485,68.28648378346321,296.01928586319434,"psoriasis"
"psoriasis%20(242).jpg",167.57543365817182,31.74824183303085,199.59106460364325,89.70952125729319,"psoriasis"
"psoriasis%20(242).jpg",253.08551589834116,214.95453033170335,391.2795027087267,318.31206209213894,"psoriasis"
"psoriasis%20(242).jpg",397.76369099081955,92.95211667374127,491.3789807565409,334.5250206201349,"psoriasis"
"psoriasis%20(242).jpg",264.02756275407484,3.375582963282313,390.46899308699716,203.6054742055017,"psoriasis"
"psoriasis%20(239).jpg",590.7043296833989,605.8885319112874,771.2817575049212,801.7877697841727,"psoriasis"
"psoriasis%20(239).jpg",485.717453042979,195.8993019268667,725.0875317831365,365.21223021582733,"psoriasis"
"psoriasis%20(239).jpg",387.7296587926509,450.5683880263953,481.5179779773622,601.6906901846687,"psoriasis"
"psoriasis%20(239).jpg",418.5258519931102,635.2734239976184,515.1137785022966,733.223042934061,"psoriasis"
"psoriasis%20(243).jpg",210.53311145937693,132.2685049233549,296.4484299590349,225.08763405026195,"psoriasis"
"psoriasis%20(243).jpg",22.086730392587757,42.28665374368158,166.76490548506618,184.96059230797516,"psoriasis"
"psoriasis%20(243).jpg",187.83847102342787,23.23644509981851,445.5844636251541,112.40765206394092,"psoriasis"
"psoriasis%20(243).jpg",376.2848335388409,122.54073722825508,460.9844061572807,220.62906767192638,"psoriasis"
"psoriasis%20(243).jpg",114.08098236347391,221.03438514114075,266.05385535977473,313.04287932961904,"psoriasis"
"psoriasis%20(243).jpg",12.765721331689273,195.49899494150372,97.465275398753,255.48690809744886,"psoriasis"
"psoriasis%20(247).jpg",235.1007087604038,214.14473684210526,383.7237977805179,412.59251644736844,"psoriasis"
"psoriasis%20(247).jpg",422.5236735126387,188.90831595972963,601.397471774815,397.460957577354,"psoriasis"
"psoriasis%20(247).jpg",211.42623280479347,17.855674342105264,406.74068954223185,184.30306284051193,"psoriasis"
"psoriasis%20(247).jpg",422.5236735126387,31.671463815789473,665.1870520576449,179.03989490709807,"psoriasis"
"psoriasis%20(247).jpg",102.26060371069667,134.3030427631579,219.97533908754622,380.35571449681333,"psoriasis"
"psoriasis%20(245).jpg",120.79246300863132,27.035300925925927,827.8701448828607,515.3809767263907,"psoriasis"
"psoriasis%20(244).jpg",335.4410450061652,219.00568093193903,577.8676787916153,607.9983120671025,"psoriasis"
"psoriasis%20(244).jpg",8.838471023427868,261.9464216726798,101.43198982737361,391.61060635602036,"psoriasis"
"psoriasis%20(244).jpg",596.3864056720099,266.1563110634133,791.6744759556104,417.7118666189689,"Rosacea"
"psoriasis%20(244).jpg",57.6605271270037,32.08715277777778,484.43241368680646,183.6427179689761,"psoriasis"
"psoriasis%20(246).jpg",206.32613961245235,49.4136690647482,890.7277040978399,638.0431919235119,"psoriasis"
"psoriasis%20(249).jpg",642.1850029019921,526.4200021844161,900.2663839130895,770.8410548159951,"psoriasis"
"psoriasis%20(251).jpg",0.09593497077338128,123.93285957171761,133.23741007194243,310.4076972796762,"psoriasis"
"psoriasis%20(251).jpg",182.73381294964028,13.81294964028777,318.5611510791367,316.93046734487405,"psoriasis"
"psoriasis%20(251).jpg",5.467625899280575,12.661870503597122,166.6187050359712,118.17746388826438,"psoriasis"
"psoriasis%20(250).jpg",46.31731854120106,257.5049846435039,185.51171393341554,346.27839562303063,"psoriasis"
"psoriasis%20(250).jpg",388.725882458481,34.84386198238127,555.5651607113614,208.99494353550142,"psoriasis"
"psoriasis%20(250).jpg",292.2112766176499,218.21184535036465,478.93550021433805,345.30816504464576,"psoriasis"
"psoriasis%20(250).jpg",274.75135060038724,77.53269726917799,383.3908754623921,191.0462107826915,"psoriasis"
"psoriasis%20(248).jpg",97.02982233502539,23.741007194244602,296.0552111010866,422.58992805755395,"psoriasis"
"psoriasis%20(252).jpg",73.56022484117314,66.36759586657507,1221.3908754623922,993.4184766866392,"psoriasis"
"psoriasis%20(252).jpg",1349.575054728441,15.350641153626523,1712.2778907333732,1147.92699574616,"psoriasis"
"psoriasis%20(255).jpg",200.96591333278744,143.38158452233603,430.18909459049394,295.77175850091976,"psoriasis"
"psoriasis%20(253).jpg",325.00616522811345,221.4588471992531,524.7200986436499,338.92117792637504,"psoriasis"
"psoriasis%20(254).jpg",232.95110730266455,254.66817434210526,458.48335388409373,372.7880754972759,"psoriasis"
"psoriasis%20(257).jpg",503.48177149228235,299.78419242145344,561.7813666339828,395.61152067115836,"psoriasis"
"psoriasis%20(257).jpg",368.7449689239625,92.58993793734543,427.04456406566294,180.00000987979146,"psoriasis"
"psoriasis%20(256).jpg",263.60246161817656,1715.0071942446043,875.2666706720083,2340.7147150931596,"psoriasis"
"psoriasis%20(256).jpg",2107.1301998827566,1874.278351049629,2761.4686621371575,2261.0791366906474,"psoriasis"
"psoriasis%20(259).jpg",76.48408951297883,103.61032269155379,180.0683134345598,209.73021582733813,"psoriasis"
"psoriasis%20(259).jpg",182.9357188235047,109.70503597122303,225.58803763440858,168.5012045112445,"psoriasis"
"psoriasis%20(259).jpg",190.4626005439348,201.12589928057554,223.7959338772681,244.1474820143885,"psoriasis"
"psoriasis%20(259).jpg",190.8210016066028,2.1510791366906474,268.9572241998488,37.64388489208633,"psoriasis"
"psoriasis%20(259).jpg",37.77441209362399,44.45563822684528,124.15433493993615,89.26978417266187,"psoriasis"
"psoriasis%20(261).jpg",143.49363729192356,58.08194745381673,215.0431565967941,117.7745440589057,"psoriasis"
"psoriasis%20(262).jpg",79.46018893387314,97.61151781699641,855.1759024966261,531.3381575989208,"psoriasis"
"psoriasis%20(258).jpg",68.41836734693878,446.81056399997186,220.25510204081633,614.7722071366344,"psoriasis"
"psoriasis%20(258).jpg",92.90816326530613,250.31177548195816,313.31632653061223,419.904089179828,"psoriasis"
"psoriasis%20(258).jpg",123.11226981026786,38.3213460359642,345.1530612244898,193.23741007194246,"psoriasis"
"psoriasis%20(260).jpg",960.9536054543003,516.4553806777361,1245.3760789149198,815.4153564509534,"psoriasis"
"psoriasis%20(260).jpg",645.2939260461621,692.217574565556,844.225336679254,871.2649925076806,"psoriasis"
"psoriasis%20(267).jpg",13.285449043424595,109.69904953112705,129.33570957697486,213.6546762589928,"psoriasis"
"psoriasis%20(267).jpg",120.7181153220377,217.10071942446044,266.6427464373878,425.5863309352518,"psoriasis"
"psoriasis%20(267).jpg",132.78274727894973,29.865711815923238,382.1185094535458,201.59352517985613,"psoriasis"
"psoriasis%20(267).jpg",411.4183299203321,123.48322219299754,476.9120462578545,203.3165467625899,"psoriasis"
"psoriasis%20(263).jpg",145.81540991902835,58.12590712952099,338.11498936950437,353.3848920863309,"psoriasis"
"psoriasis%20(264).jpg",537.8779816915604,481.7880335330082,1207.3921617162214,1011.493570380643,"psoriasis"
"psoriasis%20(265).jpg",103.2470402088471,267.75669133156373,1126.5104808877927,960.6821580982032,"psoriasis"
"psoriasis%20(266).jpg",965.2685981781376,524.8921074078237,2352.712677125506,1212.77706272482,"psoriasis"
"psoriasis%20(266).jpg",1230.5965334008097,1218.3021582733813,2554.4722925101214,2210.072111061151,"psoriasis"
"psoriasis%20(269).jpg",96.78658245278777,14.58033719508768,242.20625843075538,313.8609346897482,"psoriasis"
"psoriasis%20(272).jpg",293.8183623853653,67.25057615204919,433.97453261068506,179.03711907548308,"psoriasis"
"psoriasis%20(272).jpg",198.00246609124537,103.49188324470255,260.1808777984356,207.6218136391341,"psoriasis"
"psoriasis%20(268).jpg",92.68393557697866,22.120016968041135,153.5141800246609,76.34808714347973,"psoriasis"
"psoriasis%20(268).jpg",217.63255240443897,227.5293799617834,259.14511345464706,257.92997102570115,"psoriasis"
"psoriasis%20(268).jpg",334.77188655980274,58.68288873371325,364.7760092550671,111.26769032394677,"psoriasis"
"psoriasis%20(270).jpg",296.17758867332,177.20271478959683,383.9704069050555,295.00925342609173,"psoriasis"
"psoriasis%20(271).jpg",156.59680913320747,139.3695295404814,259.6794081381011,282.85311816192564,"psoriasis"
"psoriasis%20(271).jpg",390.8754924957614,144.300252100571,520.5918769507167,254.74808533916848,"psoriasis"
"psoriasis%20(273).jpg",16.473495539842787,8.304693730902974,191.8619109317201,139.4541175136116,"psoriasis"
"psoriasis%20(274).jpg",124.106053212421,52.31053322388372,319.7904048218827,236.04438203540178,"psoriasis"
"psoriasis%20(275).jpg",110.87875939849623,99.01559212224947,191.4802723361137,186.59472881289696,"psoriasis"
"psoriasis%20(276).jpg",25.803363168839926,21.8705035971223,190.40769727967626,308.87291338803954,"psoriasis"
"psoriasis%20(277).jpg",321.08508014796547,293.2840343764441,1057.9531442663379,574.2452173708988,"psoriasis"
"psoriasis%20(281).jpg",41.7180523478441,25.843940706606265,688.4915917487092,428.5600076463487,"psoriasis"
"psoriasis%20(278).jpg",120.97268211920529,143.7410146040882,1022.3413651826365,607.9856263304786,"psoriasis"
"psoriasis%20(282).jpg",149.6506508710793,129.92152777777778,932.7168381170044,605.2697035047743,"psoriasis"
"psoriasis%20(280).jpg",106.40314569536423,100.0359786328652,900.9285912924254,612.8417562580795,"psoriasis"
"psoriasis%20(279).jpg",153.45825852782767,104.60791366906474,1940.6180430879713,2113.6164706662403,"psoriasis"
"psoriasis%20(286).jpg",147.85195063618778,96.73381739554645,432.1238041849969,364.20865087714986,"psoriasis"
"psoriasis%20(285).jpg",10.78915390221611,0,666.7694204685573,442.8869306184428,"psoriasis"
"psoriasis%20(283).jpg",95.39664347280556,191.60777068652695,1065.639156242775,565.8955404706996,"psoriasis"
"psoriasis%20(284).jpg",127.9490479117698,204.2648381294964,1070.1602959309494,509.84276888181836,"psoriasis"
"psoriasis%20(287).jpg",308.1101793696054,397.7496179606919,755.2946979038225,678.2315815324165,"psoriasis"
"psoriasis%20(287).jpg",360.87792848335386,37.76792730844794,793.7525961390259,374.52498088604347,"psoriasis"
"psoriasis%20(289).jpg",84.50049446202532,208.05755395683454,136.81483604334576,235.79856115107916,"psoriasis"
"psoriasis%20(289).jpg",67.73678579209725,86.6906474820144,136.52582414844366,164.13430138457596,"psoriasis"
"psoriasis%20(289).jpg",73.80640604526181,41.033575346143984,148.95407654967488,71.95323741007195,"psoriasis"
"psoriasis%20(290).jpg",92.4537607891492,27.20374707259953,195.68434032059187,86.14520771107014,"psoriasis"
"psoriasis%20(290).jpg",147.28320101774432,170.77907596203983,189.63421954473645,209.69555899912632,"psoriasis"
"psoriasis%20(290).jpg",37.24620964906366,182.11397057562297,104.17592604857045,228.58703849131382,"psoriasis"
"psoriasis%20(291).jpg",74.86601304361176,167.39856672377127,134.39170549536163,186.27191265949907,"psoriasis"
"psoriasis%20(291).jpg",285.1726263871763,95.05072863746454,316.63995067817507,127.29269461099952,"psoriasis"
"psoriasis%20(291).jpg",127.3115575298869,69.8862673898275,180.54377311960542,147.47669356982513,"psoriasis"
"psoriasis%20(291).jpg",204.1442663378545,19.557344894553403,277.8302667243854,140.9234404536862,"psoriasis"
"psoriasis%20(291).jpg",41.30086313193588,80.37145557655954,111.05343597826035,106.06018043330576,"psoriasis"
"psoriasis%20(292).jpg",187.8597232077619,121.94244604316546,235.3417375962511,211.15108462546368,"psoriasis"
"psoriasis%20(288).jpg",1551.5465587044534,1844.0289034397483,2517.5061361336034,2685.2374100719426,"psoriasis"
"psoriasis%20(294).jpg",123.80724623523716,44.31327819824219,245.7908179945187,220.62906767192638,"psoriasis"
"psoriasis%20(294).jpg",195.13316892725027,292.3713544232875,308.20098643649817,335,"psoriasis"
"psoriasis%20(294).jpg",326.8430045582951,41.47600952813067,459.7686231733103,330.4717717110137,"psoriasis"
"psoriasis%20(293).jpg",42.76020055325034,35.01199406685589,213.21663208852004,197.60193310195592,"psoriasis"
"psoriasis%20(295).JPG",62.980974197387695,66.0143925509007,212.11142523392388,172.75540380683736,"psoriasis"
"psoriasis%20(296).JPG",29.692938846090566,0,192.40488724086595,171.69064748201438,"psoriasis"
"psoriasis%20(297).jpg",10.419237957635731,41.76148796498906,350.246628691912,180.40481400437636,"psoriasis"
"psoriasis%20(299).jpg",368.05178076653533,103.2381095467033,570,223.26740642170333,"psoriasis"
"psoriasis%20(299).jpg",2.1085080147965476,64.70329670329672,215.77065351417997,181.4505494505495,"psoriasis"
"psoriasis%20(298).jpg",36.981511239499845,164.69459013886504,117.750924784217,285.0609043666295,"psoriasis"
"psoriasis%20(298).jpg",419.5018772637947,144.2550296993046,533.3958214925632,271.4345307402558,"psoriasis"
"psoriasis%20(300).jpg",414.5664303329223,45.05840851362804,847.2305795314427,426.97693266832914,"psoriasis"
"psoriasis%20(301).jpg",362.37731196054256,7.324999359751365,760.5294389642418,679.8043553604437,"psoriasis"
"psoriasis%20(301).jpg",839.6547472256474,236.254165395571,1013.0571824907522,665.4963095730202,"psoriasis"
"psoriasis%20(301).jpg",5.47144728729963,520.7322666358596,140.15289765721332,657.0797712569316,"psoriasis"
"psoriasis%20(302).jpg",525.2577065351418,193.74642167267982,829.553637484587,580.962962962963,"psoriasis"
"psoriasis%20(302).jpg",880.059186189889,193.74642167267982,1022.3165844636252,477.4000000000001,"psoriasis"
"psoriasis%20(307).jpg",64.46568819509335,70.15149722946023,275.3493788562779,336.43187106123594,"psoriasis"
"psoriasis%20(304).jpg",138.4093899615155,109.25864147562775,586.0049509972739,291.2760125698324,"psoriasis"
"psoriasis%20(303).jpg",48.986452152049935,18.238056586270872,545.0061965359124,402.6969623742608,"psoriasis"
"psoriasis%20(305).jpg",178.5450061652281,7.461890243902439,579.6958688155055,442.923866830221,"psoriasis"
"psoriasis%20(306).jpg",670.7806458213989,443.2518448863956,1091.0082521691786,900.1654907885215,"psoriasis"
"psoriasis%20(306).jpg",1177.4810713853606,1053.4820607137337,1367.1144005622332,1217.4245067568993,"psoriasis"
"psoriasis%20(309).jpg",125.5651584535874,81.88238007380073,265.31034156808727,258.1259225092251,"psoriasis"
"psoriasis%20(310).jpg",103.38090121482456,181.29496402877697,454.6929405268639,658.9928057553957,"psoriasis"
"psoriasis%20(311).jpg",142.86889618333848,51.99087771203156,227.7024350242756,179.8672798352364,"psoriasis"
"psoriasis%20(311).jpg",290.5055487053021,62.18154425686868,361.200184475185,181.18219921104537,"psoriasis"
"psoriasis%20(312).jpg",170.92314958866368,26.503169221698116,568.4044389642416,391.69657959128324,"psoriasis"
"psoriasis%20(308).jpg",21.207158776599588,11.77694544445869,532.5092620661461,363.266699806938,"psoriasis"
"psoriasis%20(314).jpg",59.164177066740066,160.07194244604315,242.6724229438015,453.23741007194246,"psoriasis"
"psoriasis%20(316).jpg",5.524044389642417,30.60033296283923,187.5544755702836,331.6529605263158,"psoriasis"
"psoriasis%20(316).jpg",214.9116397580148,84.8108632940995,551.0892224106042,237.44245027240953,"psoriasis"
"psoriasis%20(315).jpg",229.83972815197288,67.60494429976852,410.1602959309495,216.9382957175926,"psoriasis"
"psoriasis%20(313).jpg",96.34198472179408,37.33136632686888,590.8754623921085,480.58089280266825,"psoriasis"
"psoriasis%20(317).jpg",65.79506802721087,206.4412643103291,427.47310716278696,419.121120425437,"psoriasis"
"psoriasis%20(322).jpg",44.378545006165226,0.9788033922732864,343.098643649815,208.30601497249708,"psoriasis"
"psoriasis%20(320).jpg",2.7176369174341093,5.013886704956744,342.5647523553098,222.85194560767567,"psoriasis"
"psoriasis%20(318).jpg",148.29429692316583,58.6451580649928,445.54050506704687,346.8030528018349,"psoriasis"
"psoriasis%20(319).jpg",268.1052474881512,178.66935483870967,916.4406358975223,557.1209608508694,"psoriasis"
"psoriasis%20(321).jpg",391.98520345252774,234.15187233521186,828.7299630086313,553.4396248921449,"psoriasis"
"psoriasis%20(326).jpg",48.25421348314607,167.655883075522,178.14185393258427,302.18825717624145,"psoriasis"
"psoriasis%20(326).jpg",409.3927824899052,109.05276168164589,586.6512094561973,192.11631473019827,"psoriasis"
"psoriasis%20(323).jpg",74.32749389154226,286.02517985611513,289.64011744449016,460.53958536052016,"psoriasis"
"psoriasis%20(323).jpg",306.93208228560434,296.0611510791367,551.8083926058009,443.25539568345323,"psoriasis"
"psoriasis%20(323).jpg",425.1866761489436,100.35971223021583,536.7476638608616,240.863309352518,"psoriasis"
"psoriasis%20(325).jpg",144.63626689417,98.29204792015653,413.28238280045855,346.66176437406136,"psoriasis"
"psoriasis%20(324).jpg",463.4196741219366,32.448856685166,1071.9688180342555,668.310837215064,"psoriasis"
"psoriasis%20(327).jpg",292.23181257706534,207.99281643745593,593.094944512947,494.0680044073807,"psoriasis"
"psoriasis%20(327).jpg",14.385538536288148,12.343668543306508,233.86767818954226,383.91260339263687,"psoriasis"
"psoriasis%20(327).jpg",657.2133168927251,239.23088658841928,906.288532675709,545.0353978666147,"psoriasis"
"psoriasis%20(327).jpg",334.1553637484587,526.9502350082971,662.96755488498,646.148179821502,"psoriasis"
"psoriasis%20(332).jpg",63.42335184758159,0,364.5322770613777,318.3120620921389,"psoriasis"
"psoriasis%20(329).jpg",15.197287299630085,102.27456689962673,232.01193180860338,319.5280330540264,"psoriasis"
"psoriasis%20(329).jpg",241.73819568036663,50.798450476893926,414.3793794041644,165.50505691777556,"psoriasis"
"psoriasis%20(330).jpg",0.08993903510004496,24.100722168846954,171.31294964028777,203.23742104948852,"psoriasis"
"psoriasis%20(330).jpg",235.3417375962511,23.02158547819947,288.57915864573965,183.45323741007195,"psoriasis"
"psoriasis%20(328).jpg",215.0431565967941,274.0902086530413,713.522440467016,581.6330657958985,"psoriasis"
"psoriasis%20(328).jpg",1382.983970406905,214.94735151018418,1478.997163031751,456.77590288434715,"psoriasis"
"psoriasis%20(328).jpg",1169.9136868064118,11.233045741489956,1531.6071497379778,175.51878008161273,"psoriasis"
"psoriasis%20(331).JPG",152.06905055487053,618.3664805767442,819.6892725030825,1188.952491918899,"psoriasis"
"psoriasis%20(331).JPG",869.1426600069359,798.6815027478511,1729.6310592632553,1314.9260268905437,"psoriasis"
"psoriasis%20(331).JPG",1882.936368102651,801.151534370754,2884.366701024969,1156.8415154671623,"psoriasis"
"psoriasis%20(334).jpg",108.81257706535142,69.84866839787921,244.57503501054833,333.7143856817062,"psoriasis"
"psoriasis%20(334).jpg",263.62228939183393,64.57945780399274,373.04275794917055,329.2558007491262,"psoriasis"
"psoriasis%20(336).jpg",13.97986859838275,108.04797099820145,431.26651881133125,938.052832733813,"psoriasis"
"psoriasis%20(333).jpg",272.4759556103576,174.61875,429.94081381011097,284.27430555555554,"psoriasis"
"psoriasis%20(337).jpg",85.81997533908755,2.590525328330206,632.9634397156289,282.20279302829647,"psoriasis"
"psoriasis%20(337).jpg",482.36744759556103,283.51862545621776,656.6379156712392,521.6824577861163,"psoriasis"
"psoriasis%20(337).jpg",100.2877307143958,394.7056072872083,210.76861850724413,523.656191369606,"psoriasis"
"psoriasis%20(335).jpg",397.04069050554875,305.33426724294117,1097.410604192355,996.8469575729794,"psoriasis"
"psoriasis%20(342).jpg",8.114892490462298,25.270985404364495,169.55116696588868,230.31056032249396,"psoriasis"
"psoriasis%20(342).jpg",182.1903227390036,92.46883370378892,403.94973070017954,447.98561151079133,"psoriasis"
"psoriasis%20(340).jpg",22.086730392587757,10.266086626831719,180.54377311960542,335,"psoriasis"
"psoriasis%20(341).jpg",11.549938347718864,4.186231817394332,223.09617755856965,326.48820326678765,"psoriasis"
"psoriasis%20(338).jpg",255.56103575832304,71.5948102513015,573.6868064118372,546.4314534358048,"psoriasis"
"psoriasis%20(339).jpg",465.68025525489367,219.21256260334235,762.4332602015259,572.6444662661738,"psoriasis"
"psoriasis%20(343).jpg",492.6181914568241,137.16293724279836,573.9827373612823,340.88173625302414,"psoriasis"
"psoriasis%20(343).jpg",489.39580764488284,13.286008230452676,626.3461239740675,116.22741526536983,"psoriasis"
"psoriasis%20(343).jpg",320.2219482120838,16.381044238683128,412.059186189889,134.74729938271605,"psoriasis"
"psoriasis%20(344).jpg",38.480479925981136,4.069785080946885,181.05425400739827,58.806951887311214,"psoriasis"
"psoriasis%20(344).jpg",159.5959783476466,69.13472250972033,207.25812384703005,107.34746530281592,"psoriasis"
"psoriasis%20(344).jpg",78.09576969170246,129.44888138638356,148.45417810103748,157.74697686303304,"psoriasis"
"psoriasis%20(344).jpg",26.719690776782617,81.11492962386038,52.51089819968114,108.38023574630935,"psoriasis"
"psoriasis%20(347).jpg",226.558168084348,0,492.3699136868064,358.3286550629814,"psoriasis"
"psoriasis%20(345).jpg",477.92848335388413,579.4151506925884,595.3144868410913,657.3756167763158,"psoriasis"
"psoriasis%20(345).jpg",266.8310878015182,47.50719572368421,582.4907822614828,508.3624739395945,"psoriasis"
"psoriasis%20(346).jpg",231.90467016029592,139.46424445471348,394.36421085080144,620.8888183142474,"psoriasis"
"psoriasis%20(346).jpg",256.31565967940816,49.407565725048016,603.1204531442663,125.99783708780399,"psoriasis"
"psoriasis%20(348).jpg",204.38143390321554,194.8159277456778,527.3736128236744,488.4949872617368,"psoriasis"
"psoriasis%20(349).jpg",65.2281172031539,21.75925925925926,297.4106041923551,148.5185185185185,"psoriasis"
"psoriasis%20(351).jpg",255.44597658658293,91.33134083202404,385.32675709001234,234.70894833948338,"psoriasis"
"psoriasis%20(352).jpg",211.7024506781751,265.7577915298206,809.3514180024661,473.463687150838,"psoriasis"
"psoriasis%20(350).jpg",504.12940637970945,422.6259408854752,1254.7467734774107,704.8309768566983,"psoriasis"
"psoriasis%20(353).jpg",500.4258631319359,41.83270435721068,844.7053020961775,612.4722799981588,"psoriasis"
"psoriasis%20(355).jpg",100.74764119064764,12.998771119512906,229.24167694204687,174.03499759231482,"psoriasis"
"psoriasis%20(354).jpg",58.83837613192472,102.97841726618705,221.96972008907434,359.9196950788978,"psoriasis"
"psoriasis%20(357).jpg",129.73458191000336,112.94964577654282,694.736875052716,505.03597122302153,"psoriasis"
"psoriasis%20(356).jpg",166.82159546061416,72.25420505880452,455.4375193943487,352.44604316546764,"psoriasis"
"psoriasis%20(356).jpg",13.96001064570469,34.196651101969984,154.68097192741365,367.88970508163777,"psoriasis"
"psoriasis%20(360).jpg",304.90918480512096,24.222671087063738,623.9490724462469,244.07191252588626,"psoriasis"
"psoriasis%20(361).jpg",2.5179856115107913,147.2422208717401,353.59712230215825,368.3453237410072,"psoriasis"
"psoriasis%20(359).jpg",132.94803679805474,71.8105598285044,228.3896558108746,149.85372529613028,"psoriasis"
"psoriasis%20(362).jpg",8.603130313132306,75.53956834532374,335.9412982309465,423.0215827338129,"psoriasis"
"psoriasis%20(362).jpg",402.2482014388489,103.23741007194243,603.6870503597122,485.97122302158266,"psoriasis"
"psoriasis%20(358).jpg",128.2951076986336,110.07194244604317,674.5839066190115,507.91369101984037,"psoriasis"
"psoriasis%20(363).jpg",161.76695437731195,81.74737064087589,366.63997009503123,215.30169844934733,"psoriasis"
"psoriasis%20(363).jpg",4.294697903822441,31.823495812178976,153.1775585696671,170.14762104238156,"psoriasis"
"rosacea%20(10).jpg",83.50427872095352,22.895686060404607,271.88033666366186,240.9172661870504,"Rosacea"
"Rosacea%20(1).jpg",6.169080116765962,126.90647482014388,189.4784480033161,365.61151079136687,"Rosacea"
"rosacea%20(11).jpg",19.23076923076923,9.226618705035971,363.5042787209535,201.96043165467628,"Rosacea"
"rosacea%20(12).jpg",68.53349816943953,90.01799315857373,808.7944370532326,798.2913669064749,"Rosacea"
"rosacea%20(15).jpg",208.61721878600636,25.498807234729796,329.11960431654677,313.7997727428409,"Rosacea"
"rosacea%20(15).jpg",0,28.377697841726622,117.72634404683285,239.77099576442362,"Rosacea"
"rosacea%20(14).jpg",358.85863550376655,5.8075248870572675,472.33168927250307,227.1142399505781,"Rosacea"
"rosacea%20(14).jpg",10.739419450301277,22.425800884267595,162.7123017222902,196.30964843417684,"Rosacea"
"rosacea%20(13).jpg",150.67476383265858,18.794971575839917,947.3459138239605,534.1726618705036,"Rosacea"
"rosacea%20(16).jpg",75.33707865168539,105.51559667793109,345,368.1055521793503,"Rosacea"
"rosacea%20(16).jpg",446.8726957514045,110.31176889543053,720.1311227176966,375.2997967836668,"Rosacea"
"rosacea%20(16).jpg",445.67415730337075,575.5395683453237,730.9176395716293,851.3190180277652,"Rosacea"
"rosacea%20(16).jpg",57.359550561797754,573.1415234023718,343.80157127808985,822.542039610499,"Rosacea"
"rosacea%20(17).jpg",12.426374345549739,6.52278488488506,321.0941920521788,328.9928057553957,"Rosacea"
"rosacea%20(18).jpg",151.9375,84.01919308669275,375.2870766244283,374.76978417266184,"Rosacea"
"rosacea%20(19).jpg",14.156153846153847,44.190652298412736,544.8639039963942,582.0539761001257,"Rosacea"
"rosacea%20(21).jpg",76.47145037292405,6.768773430272153,454.9136868064118,223.89157646580747,"Rosacea"
"rosacea%20(2).jpg",237.73122615790692,472.21196821568856,1664.1184927943896,1513.2471786188771,"Rosacea"
"rosacea%20(20).JPG",23.442622950819672,67.59713119397061,536.3752454747267,688.7913669064749,"Rosacea"
"rosacea%20(25).jpg",109.74106794514874,33.764637155585724,512.7003699136868,363.5243639708006,"Rosacea"
"rosacea%20(24).jpg",48.02158273381295,37.41007743121909,337.23021582733816,265.46762589928056,"Rosacea"
"rosacea%20(22).jpg",16.196473372114866,19.859318181818182,306.13977758217095,381.4084090909091,"Rosacea"
"rosacea%20(22).jpg",347.56024613950757,4.9938656616210935,607.234722095118,335.2193181818182,"Rosacea"
"rosacea%20(23).jpg",197.3925323674476,181.11679204305014,776.5228113440198,652.6229777300799,"Rosacea"
"rosacea%20(26).jpg",53.99280575539568,50.119911029184465,710.1079136690647,733.573169296594,"Rosacea"
"rosacea%20(29).jpg",105.20346878371609,127.825,284.7151989731042,311.29169921875,"Rosacea"
"rosacea%20(29).jpg",335.8520670372226,160.8916748046875,506.30827766164464,331.558349609375,"Rosacea"
"rosacea%20(27).jpg",73.77724230068974,13.095468439728519,449.03413934860515,214.3076021834959,"Rosacea"
"rosacea%20(28).jpg",40.32347515214386,39.44939435069227,276.1853925937789,287.10215310652325,"Rosacea"
"rosacea%20(3).jpg",98.10110974106041,3.401107929109866,320.0493218249075,194.1589806745321,"Rosacea"
"rosacea%20(30).jpg",144.4755569627341,68.63269743599173,439.5055487053021,315.474821253394,"Rosacea"
"rosacea%20(31).jpg",75.90628853267572,2.4916748046875004,223.9901437630048,241.958349609375,"Rosacea"
"rosacea%20(33).jpg",53.10727496917386,84.30120056497175,535.6802597704416,336.7883280666086,"Rosacea"
"rosacea%20(32).jpg",458.90015581650744,0,588.8729963008632,208.358349609375,"Rosacea"
"rosacea%20(32).jpg",42.347718865598026,31.291674804687503,225.58817089000848,193.95834960937503,"Rosacea"
"rosacea%20(34).jpg",78.03700762465321,17.95833740234375,578.7521903417849,289.95834960937503,"Rosacea"
"rosacea%20(35).jpg",7.191122071516647,36.625,641.0752482949292,316.09169921875,"Rosacea"
"rosacea%20(36).jpg",251.15662930602653,9.425,626.160312186922,311.29169921875,"Rosacea"
"rosacea%20(38).jpg",198.52774352651048,19.02198456881339,617.5429692015548,401.87288893314826,"Rosacea"
"rosacea%20(37).jpg",68.69276104925775,16.345327253821942,238.66846955128204,162.9928057553957,"Rosacea"
"rosacea%20(39).jpg",157.91273933029692,155.97124058565646,503.3918216514845,355.10792245110156,"Rosacea"
"rosacea%20(4).jpg",10.488614800759013,19.4724241846757,193.8915413380574,208.91127947251576,"Rosacea"
"rosacea%20(40).jpg",13.147482014388489,136.5707496258852,303.00359712230215,312.2781898992524,"Rosacea"
"rosacea%20(42).jpg",304.2959309494451,180.0384576497087,716.7579377311961,545.9777750959885,"Rosacea"
"rosacea%20(41).jpg",123.30332922318125,49.81061068448153,298.93094944512944,208.59849409623578,"Rosacea"
"rosacea%20(43).jpg",33.15489130434783,12.776978417266188,281.8831481104312,164.2374141336345,"Rosacea"
"rosacea%20(44).jpg",312.4537908928021,272.82810740021375,443.64983009498303,375.3543085179356,"Rosacea"
"rosacea%20(47).jpg",590.0370124412377,55.74377602025083,826.189910098451,358.6794695937843,"Rosacea"
"rosacea%20(47).jpg",25.893958076448833,52.2934888873184,263.4278773673513,343.49816198516316,"Rosacea"
"rosacea%20(46).jpg",60.879161528976574,4.281971582873115,451.6773658310294,169.5463457831021,"Rosacea"
"rosacea%20(49).jpg",39.8269689444696,6.348669477503934,214.52487276691105,98.6268469355375,"Rosacea"
"rosacea%20(45).jpg",165.38460302932057,42.08633711012148,694.1295917217548,543.0755889673028,"Rosacea"
"rosacea%20(48).jpg",161.01867477615158,170.68345323741008,725.9537516011819,524.5204074777288,"Rosacea"
"rosacea%20(6).jpg",20.87094740861735,63.36348684210526,284.29060011933086,258.7294849596525,"Rosacea"
"rosacea%20(51).jpg",329.5930949445129,235.96088182375306,886.6009318284717,719.8672142945464,"Rosacea"
"rosacea%20(5).jpg",320.76408963844307,28.910973162919333,418.83723797780516,223.06100959570134,"Rosacea"
"rosacea%20(5).jpg",88.95479451096013,38.638740858019155,160.68599056521413,171.58491172721295,"Rosacea"
"rosacea%20(5).jpg",313.06411837237977,245.75914040234906,362.1007110934369,324.39191690157634,"Rosacea"
"rosacea%20(7).jpg",43.362110669457074,30.16329545454545,419.0300166533408,300.5414898126775,"Rosacea"
"rosacea%20(50).jpg",139.32675709001234,71.17977272727273,929.7928483353885,1375.461042702415,"Rosacea"
"rosacea%20(9).jpg",45.294302868637295,19.761012445049225,272.02756997895153,198.11001175548589,"Rosacea"
"rosacea%20(8).jpg",194.82123848836315,2.293446403952206,1065.844696458847,571.680128102022,"Rosacea"